parameter_id,parameter_value,incremental_cost_jpy,incremental_qaly,icer_jpy_per_qaly,incremental_net_monetary_benefit_jpy,cost_effective_at_wtp
administration_cost_pep,0.0,46844.671019632005,0.00326712392712147,14338198.386280663,-30509.051384024657,False
administration_cost_pep,50.0,46894.671019632005,0.00326712392712147,14353502.366513837,-30559.051384024657,False
administration_cost_pep,100.0,46944.671019632005,0.00326712392712147,14368806.346747013,-30609.051384024657,False
administration_cost_pep,150.0,46994.671019632005,0.00326712392712147,14384110.326980188,-30659.051384024657,False
administration_cost_pep,200.0,47044.671019632005,0.00326712392712147,14399414.307213362,-30709.051384024657,False
administration_cost_pep,250.0,47094.671019632005,0.00326712392712147,14414718.287446538,-30759.051384024657,False
administration_cost_pep,300.0,47144.671019632005,0.00326712392712147,14430022.267679714,-30809.051384024657,False
administration_cost_pep,350.0,47194.671019632005,0.00326712392712147,14445326.247912887,-30859.051384024657,False
administration_cost_pep,400.0,47244.671019632005,0.00326712392712147,14460630.228146063,-30909.051384024657,False
administration_cost_pep,450.0,47294.671019632005,0.00326712392712147,14475934.208379237,-30959.051384024657,False
administration_cost_pep,500.0,47344.671019632005,0.00326712392712147,14491238.188612413,-31009.051384024657,False
administration_cost_pep,550.0,47394.671019632005,0.00326712392712147,14506542.168845588,-31059.051384024657,False
administration_cost_pep,600.0,47444.671019632005,0.00326712392712147,14521846.149078762,-31109.051384024657,False
administration_cost_pep,650.0,47494.671019632005,0.00326712392712147,14537150.129311938,-31159.051384024657,False
administration_cost_pep,700.0,47544.671019632005,0.00326712392712147,14552454.109545114,-31209.051384024657,False
administration_cost_pep,750.0,47594.671019632005,0.00326712392712147,14567758.089778287,-31259.051384024657,False
administration_cost_pep,800.0,47644.671019632005,0.00326712392712147,14583062.070011463,-31309.051384024657,False
administration_cost_pep,850.0,47694.671019632005,0.00326712392712147,14598366.050244637,-31359.051384024657,False
administration_cost_pep,900.0,47744.671019632005,0.00326712392712147,14613670.030477813,-31409.051384024657,False
administration_cost_pep,950.0,47794.671019632005,0.00326712392712147,14628974.010710988,-31459.051384024657,False
administration_cost_pep,1000.0,47844.671019632005,0.00326712392712147,14644277.990944162,-31509.051384024657,False
administration_cost_pep,1050.0,47894.671019632005,0.00326712392712147,14659581.971177338,-31559.051384024657,False
administration_cost_pep,1100.0,47944.671019632005,0.00326712392712147,14674885.951410513,-31609.051384024657,False
administration_cost_pep,1150.0,47994.671019632005,0.00326712392712147,14690189.931643687,-31659.051384024657,False
administration_cost_pep,1200.0,48044.671019632005,0.00326712392712147,14705493.911876863,-31709.051384024657,False
administration_cost_pep,1250.0,48094.671019632005,0.00326712392712147,14720797.892110037,-31759.051384024657,False
administration_cost_pep,1300.0,48144.671019632005,0.00326712392712147,14736101.872343212,-31809.051384024657,False
administration_cost_pep,1350.0,48194.671019632005,0.00326712392712147,14751405.852576388,-31859.051384024657,False
administration_cost_pep,1400.0,48244.671019632005,0.00326712392712147,14766709.832809562,-31909.051384024657,False
administration_cost_pep,1450.0,48294.671019632005,0.00326712392712147,14782013.813042738,-31959.051384024657,False
administration_cost_pep,1500.0,48344.671019632005,0.00326712392712147,14797317.793275913,-32009.051384024657,False
administration_cost_pep,1550.0,48394.671019632005,0.00326712392712147,14812621.773509087,-32059.051384024657,False
administration_cost_pep,1600.0,48444.671019632005,0.00326712392712147,14827925.753742263,-32109.051384024657,False
administration_cost_pep,1650.0,48494.671019632005,0.00326712392712147,14843229.733975437,-32159.051384024657,False
administration_cost_pep,1700.0,48544.671019632005,0.00326712392712147,14858533.714208612,-32209.051384024657,False
administration_cost_pep,1750.0,48594.671019632005,0.00326712392712147,14873837.694441788,-32259.051384024657,False
administration_cost_pep,1800.0,48644.671019632005,0.00326712392712147,14889141.674674962,-32309.051384024657,False
administration_cost_pep,1850.0,48694.671019632005,0.00326712392712147,14904445.654908137,-32359.051384024657,False
administration_cost_pep,1900.0,48744.671019632005,0.00326712392712147,14919749.635141313,-32409.051384024657,False
administration_cost_pep,1950.0,48794.671019632005,0.00326712392712147,14935053.615374487,-32459.051384024657,False
administration_cost_pep,2000.0,48844.671019632005,0.00326712392712147,14950357.595607663,-32509.051384024657,False
administration_cost_pep,2050.0,48894.671019632005,0.00326712392712147,14965661.575840836,-32559.051384024657,False
administration_cost_pep,2100.0,48944.671019632005,0.00326712392712147,14980965.556074012,-32609.051384024657,False
administration_cost_pep,2150.0,48994.671019632005,0.00326712392712147,14996269.536307188,-32659.051384024657,False
administration_cost_pep,2200.0,49044.671019632005,0.00326712392712147,15011573.516540362,-32709.051384024657,False
administration_cost_pep,2250.0,49094.671019632005,0.00326712392712147,15026877.496773537,-32759.051384024657,False
administration_cost_pep,2300.0,49144.671019632005,0.00326712392712147,15042181.477006713,-32809.05138402466,False
administration_cost_pep,2350.0,49194.671019632005,0.00326712392712147,15057485.457239887,-32859.05138402466,False
administration_cost_pep,2400.0,49244.671019632005,0.00326712392712147,15072789.437473062,-32909.05138402466,False
administration_cost_pep,2450.0,49294.671019632005,0.00326712392712147,15088093.417706236,-32959.05138402466,False
administration_cost_pep,2500.0,49344.671019632005,0.00326712392712147,15103397.397939412,-33009.05138402466,False
administration_cost_pep,2550.0,49394.671019632005,0.00326712392712147,15118701.378172588,-33059.05138402466,False
administration_cost_pep,2600.0,49444.671019632005,0.00326712392712147,15134005.358405761,-33109.05138402466,False
administration_cost_pep,2650.0,49494.671019632005,0.00326712392712147,15149309.338638937,-33159.05138402466,False
administration_cost_pep,2700.0,49544.671019632005,0.00326712392712147,15164613.318872113,-33209.05138402466,False
administration_cost_pep,2750.0,49594.671019632005,0.00326712392712147,15179917.299105287,-33259.05138402466,False
administration_cost_pep,2800.0,49644.671019632005,0.00326712392712147,15195221.279338462,-33309.05138402466,False
administration_cost_pep,2850.0,49694.671019632005,0.00326712392712147,15210525.259571638,-33359.05138402466,False
administration_cost_pep,2900.0,49744.671019632005,0.00326712392712147,15225829.239804812,-33409.05138402466,False
administration_cost_pep,2950.0,49794.671019632005,0.00326712392712147,15241133.220037987,-33459.05138402466,False
administration_cost_pep,3000.0,49844.671019632005,0.00326712392712147,15256437.200271161,-33509.05138402466,False
administration_cost_pep,3050.0,49894.671019632005,0.00326712392712147,15271741.180504337,-33559.05138402466,False
administration_cost_pep,3100.0,49944.671019632005,0.00326712392712147,15287045.160737513,-33609.05138402466,False
administration_cost_pep,3150.0,49994.671019632005,0.00326712392712147,15302349.140970686,-33659.05138402466,False
administration_cost_pep,3200.0,50044.671019632005,0.00326712392712147,15317653.121203862,-33709.05138402466,False
administration_cost_pep,3250.0,50094.671019632005,0.00326712392712147,15332957.101437038,-33759.05138402466,False
administration_cost_pep,3300.0,50144.671019632005,0.00326712392712147,15348261.081670212,-33809.05138402466,False
administration_cost_pep,3350.0,50194.671019632005,0.00326712392712147,15363565.061903387,-33859.05138402466,False
administration_cost_pep,3400.0,50244.671019632005,0.00326712392712147,15378869.042136561,-33909.05138402466,False
administration_cost_pep,3450.0,50294.671019632005,0.00326712392712147,15394173.022369737,-33959.05138402466,False
administration_cost_pep,3500.0,50344.671019632005,0.00326712392712147,15409477.002602912,-34009.05138402466,False
administration_cost_pep,3550.0,50394.671019632005,0.00326712392712147,15424780.982836086,-34059.05138402466,False
administration_cost_pep,3600.0,50444.671019632005,0.00326712392712147,15440084.963069262,-34109.05138402466,False
administration_cost_pep,3650.0,50494.671019632005,0.00326712392712147,15455388.943302438,-34159.05138402466,False
administration_cost_pep,3700.0,50544.671019632005,0.00326712392712147,15470692.923535611,-34209.05138402466,False
administration_cost_pep,3750.0,50594.671019632005,0.00326712392712147,15485996.903768787,-34259.05138402466,False
administration_cost_pep,3800.0,50644.671019632005,0.00326712392712147,15501300.884001961,-34309.05138402466,False
administration_cost_pep,3850.0,50694.671019632005,0.00326712392712147,15516604.864235137,-34359.05138402466,False
administration_cost_pep,3900.0,50744.671019632005,0.00326712392712147,15531908.844468312,-34409.05138402466,False
administration_cost_pep,3950.0,50794.671019632005,0.00326712392712147,15547212.824701486,-34459.05138402466,False
administration_cost_pep,4000.0,50844.671019632005,0.00326712392712147,15562516.804934662,-34509.05138402466,False
administration_cost_pep,4050.0,50894.671019632005,0.00326712392712147,15577820.785167838,-34559.05138402466,False
administration_cost_pep,4100.0,50944.671019632005,0.00326712392712147,15593124.765401011,-34609.05138402466,False
administration_cost_pep,4150.0,50994.671019632005,0.00326712392712147,15608428.745634187,-34659.05138402466,False
administration_cost_pep,4200.0,51044.671019632005,0.00326712392712147,15623732.72586736,-34709.05138402466,False
administration_cost_pep,4250.0,51094.671019632005,0.00326712392712147,15639036.706100537,-34759.05138402466,False
administration_cost_pep,4300.0,51144.671019632005,0.00326712392712147,15654340.686333712,-34809.05138402466,False
administration_cost_pep,4350.0,51194.671019632005,0.00326712392712147,15669644.666566886,-34859.05138402466,False
administration_cost_pep,4400.0,51244.671019632005,0.00326712392712147,15684948.646800062,-34909.05138402466,False
administration_cost_pep,4450.0,51294.671019632005,0.00326712392712147,15700252.627033237,-34959.05138402466,False
administration_cost_pep,4500.0,51344.671019632005,0.00326712392712147,15715556.607266411,-35009.05138402466,False
administration_cost_pep,4550.0,51394.671019632005,0.00326712392712147,15730860.587499587,-35059.05138402466,False
administration_cost_pep,4600.0,51444.671019632005,0.00326712392712147,15746164.56773276,-35109.05138402466,False
administration_cost_pep,4650.0,51494.671019632005,0.00326712392712147,15761468.547965936,-35159.05138402466,False
administration_cost_pep,4700.0,51544.671019632005,0.00326712392712147,15776772.528199112,-35209.05138402466,False
administration_cost_pep,4750.0,51594.671019632005,0.00326712392712147,15792076.508432286,-35259.05138402466,False
administration_cost_pep,4800.0,51644.671019632005,0.00326712392712147,15807380.488665462,-35309.05138402466,False
administration_cost_pep,4850.0,51694.671019632005,0.00326712392712147,15822684.468898637,-35359.05138402466,False
administration_cost_pep,4900.0,51744.671019632005,0.00326712392712147,15837988.449131811,-35409.05138402466,False
administration_cost_pep,4950.0,51794.671019632005,0.00326712392712147,15853292.429364987,-35459.05138402466,False
administration_cost_pep,5000.0,51844.671019632005,0.00326712392712147,15868596.40959816,-35509.05138402466,False
administration_cost_pep,5050.0,51894.671019632005,0.00326712392712147,15883900.389831336,-35559.05138402466,False
administration_cost_pep,5100.0,51944.671019632005,0.00326712392712147,15899204.370064512,-35609.05138402466,False
administration_cost_pep,5150.0,51994.671019632005,0.00326712392712147,15914508.350297686,-35659.05138402466,False
administration_cost_pep,5200.0,52044.671019632005,0.00326712392712147,15929812.330530861,-35709.05138402466,False
administration_cost_pep,5250.0,52094.671019632005,0.00326712392712147,15945116.310764037,-35759.05138402466,False
administration_cost_pep,5300.0,52144.671019632005,0.00326712392712147,15960420.29099721,-35809.05138402466,False
administration_cost_pep,5350.0,52194.671019632005,0.00326712392712147,15975724.271230387,-35859.05138402466,False
administration_cost_pep,5400.0,52244.671019632005,0.00326712392712147,15991028.25146356,-35909.05138402466,False
administration_cost_pep,5450.0,52294.671019632005,0.00326712392712147,16006332.231696736,-35959.05138402466,False
administration_cost_pep,5500.0,52344.671019632005,0.00326712392712147,16021636.211929912,-36009.05138402466,False
administration_cost_pep,5550.0,52394.671019632005,0.00326712392712147,16036940.192163086,-36059.05138402466,False
administration_cost_pep,5600.0,52444.671019632005,0.00326712392712147,16052244.172396261,-36109.05138402466,False
administration_cost_pep,5650.0,52494.671019632005,0.00326712392712147,16067548.152629437,-36159.05138402466,False
administration_cost_pep,5700.0,52544.671019632005,0.00326712392712147,16082852.13286261,-36209.05138402466,False
administration_cost_pep,5750.0,52594.671019632005,0.00326712392712147,16098156.113095786,-36259.05138402466,False
administration_cost_pep,5800.0,52644.671019632005,0.00326712392712147,16113460.09332896,-36309.05138402466,False
administration_cost_pep,5850.0,52694.671019632005,0.00326712392712147,16128764.073562136,-36359.05138402466,False
administration_cost_pep,5900.0,52744.671019632005,0.00326712392712147,16144068.053795312,-36409.05138402466,False
administration_cost_pep,5950.0,52794.671019632005,0.00326712392712147,16159372.034028485,-36459.05138402466,False
administration_cost_pep,6000.0,52844.671019632005,0.00326712392712147,16174676.014261661,-36509.05138402466,False
administration_cost_pep,6050.0,52894.671019632005,0.00326712392712147,16189979.994494837,-36559.05138402466,False
administration_cost_pep,6100.0,52944.671019632005,0.00326712392712147,16205283.97472801,-36609.05138402466,False
administration_cost_pep,6150.0,52994.671019632005,0.00326712392712147,16220587.954961186,-36659.05138402466,False
administration_cost_pep,6200.0,53044.671019632005,0.00326712392712147,16235891.93519436,-36709.05138402466,False
administration_cost_pep,6250.0,53094.671019632005,0.00326712392712147,16251195.915427536,-36759.05138402466,False
administration_cost_pep,6300.0,53144.671019632005,0.00326712392712147,16266499.895660711,-36809.05138402466,False
administration_cost_pep,6350.0,53194.671019632005,0.00326712392712147,16281803.875893885,-36859.05138402466,False
administration_cost_pep,6400.0,53244.671019632005,0.00326712392712147,16297107.856127061,-36909.05138402466,False
administration_cost_pep,6450.0,53294.671019632005,0.00326712392712147,16312411.836360237,-36959.05138402466,False
administration_cost_pep,6500.0,53344.671019632005,0.00326712392712147,16327715.81659341,-37009.05138402466,False
administration_cost_pep,6550.0,53394.671019632005,0.00326712392712147,16343019.796826586,-37059.05138402466,False
administration_cost_pep,6600.0,53444.671019632005,0.00326712392712147,16358323.77705976,-37109.05138402466,False
administration_cost_pep,6650.0,53494.671019632005,0.00326712392712147,16373627.757292936,-37159.05138402466,False
administration_cost_pep,6700.0,53544.671019632005,0.00326712392712147,16388931.737526111,-37209.05138402466,False
administration_cost_pep,6750.0,53594.671019632005,0.00326712392712147,16404235.717759285,-37259.05138402466,False
administration_cost_pep,6800.0,53644.671019632005,0.00326712392712147,16419539.69799246,-37309.05138402466,False
administration_cost_pep,6850.0,53694.671019632005,0.00326712392712147,16434843.678225636,-37359.05138402466,False
administration_cost_pep,6900.0,53744.671019632005,0.00326712392712147,16450147.65845881,-37409.05138402466,False
administration_cost_pep,6950.0,53794.671019632005,0.00326712392712147,16465451.638691986,-37459.05138402466,False
administration_cost_pep,7000.0,53844.671019632005,0.00326712392712147,16480755.61892516,-37509.05138402466,False
administration_cost_pep,7050.0,53894.671019632005,0.00326712392712147,16496059.599158335,-37559.05138402466,False
administration_cost_pep,7100.0,53944.671019632005,0.00326712392712147,16511363.579391511,-37609.05138402466,False
administration_cost_pep,7150.0,53994.671019632005,0.00326712392712147,16526667.559624685,-37659.05138402466,False
administration_cost_pep,7200.0,54044.671019632005,0.00326712392712147,16541971.53985786,-37709.05138402466,False
administration_cost_pep,7250.0,54094.671019632005,0.00326712392712147,16557275.520091036,-37759.05138402466,False
administration_cost_pep,7300.0,54144.671019632005,0.00326712392712147,16572579.50032421,-37809.05138402466,False
administration_cost_pep,7350.0,54194.671019632005,0.00326712392712147,16587883.480557386,-37859.05138402466,False
administration_cost_pep,7400.0,54244.671019632005,0.00326712392712147,16603187.46079056,-37909.05138402466,False
administration_cost_pep,7450.0,54294.671019632005,0.00326712392712147,16618491.441023735,-37959.05138402466,False
administration_cost_pep,7500.0,54344.671019632005,0.00326712392712147,16633795.421256911,-38009.05138402466,False
administration_cost_pep,7550.0,54394.671019632005,0.00326712392712147,16649099.401490085,-38059.05138402466,False
administration_cost_pep,7600.0,54444.671019632005,0.00326712392712147,16664403.38172326,-38109.05138402466,False
administration_cost_pep,7650.0,54494.671019632005,0.00326712392712147,16679707.361956436,-38159.05138402466,False
administration_cost_pep,7700.0,54544.671019632005,0.00326712392712147,16695011.34218961,-38209.05138402466,False
administration_cost_pep,7750.0,54594.671019632005,0.00326712392712147,16710315.322422786,-38259.05138402466,False
administration_cost_pep,7800.0,54644.671019632005,0.00326712392712147,16725619.30265596,-38309.05138402466,False
administration_cost_pep,7850.0,54694.671019632005,0.00326712392712147,16740923.282889135,-38359.05138402466,False
administration_cost_pep,7900.0,54744.671019632005,0.00326712392712147,16756227.26312231,-38409.05138402466,False
administration_cost_pep,7950.0,54794.671019632005,0.00326712392712147,16771531.243355485,-38459.05138402466,False
administration_cost_pep,8000.0,54844.671019632005,0.00326712392712147,16786835.22358866,-38509.05138402466,False
administration_cost_pep,8050.0,54894.671019632005,0.00326712392712147,16802139.203821834,-38559.05138402466,False
administration_cost_pep,8100.0,54944.671019632005,0.00326712392712147,16817443.18405501,-38609.05138402466,False
administration_cost_pep,8150.0,54994.671019632005,0.00326712392712147,16832747.164288186,-38659.05138402466,False
administration_cost_pep,8200.0,55044.671019632005,0.00326712392712147,16848051.14452136,-38709.05138402466,False
administration_cost_pep,8250.0,55094.671019632005,0.00326712392712147,16863355.124754537,-38759.05138402466,False
administration_cost_pep,8300.0,55144.671019632005,0.00326712392712147,16878659.10498771,-38809.05138402466,False
administration_cost_pep,8350.0,55194.671019632005,0.00326712392712147,16893963.085220885,-38859.05138402466,False
administration_cost_pep,8400.0,55244.671019632005,0.00326712392712147,16909267.06545406,-38909.05138402466,False
administration_cost_pep,8450.0,55294.671019632005,0.00326712392712147,16924571.045687236,-38959.05138402466,False
administration_cost_pep,8500.0,55344.671019632005,0.00326712392712147,16939875.02592041,-39009.05138402466,False
administration_cost_pep,8550.0,55394.671019632005,0.00326712392712147,16955179.006153584,-39059.05138402466,False
administration_cost_pep,8600.0,55444.671019632005,0.00326712392712147,16970482.98638676,-39109.05138402466,False
administration_cost_pep,8650.0,55494.671019632005,0.00326712392712147,16985786.966619935,-39159.05138402466,False
administration_cost_pep,8700.0,55544.671019632005,0.00326712392712147,17001090.94685311,-39209.05138402466,False
administration_cost_pep,8750.0,55594.671019632005,0.00326712392712147,17016394.927086286,-39259.05138402466,False
administration_cost_pep,8800.0,55644.671019632005,0.00326712392712147,17031698.90731946,-39309.05138402466,False
administration_cost_pep,8850.0,55694.671019632005,0.00326712392712147,17047002.887552634,-39359.05138402466,False
administration_cost_pep,8900.0,55744.671019632005,0.00326712392712147,17062306.86778581,-39409.05138402466,False
administration_cost_pep,8950.0,55794.671019632005,0.00326712392712147,17077610.848018985,-39459.05138402466,False
administration_cost_pep,9000.0,55844.671019632005,0.00326712392712147,17092914.82825216,-39509.05138402466,False
administration_cost_pep,9050.0,55894.671019632005,0.00326712392712147,17108218.808485337,-39559.05138402466,False
administration_cost_pep,9100.0,55944.671019632005,0.00326712392712147,17123522.78871851,-39609.05138402466,False
administration_cost_pep,9150.0,55994.671019632005,0.00326712392712147,17138826.768951684,-39659.05138402466,False
administration_cost_pep,9200.0,56044.671019632005,0.00326712392712147,17154130.749184858,-39709.05138402466,False
administration_cost_pep,9250.0,56094.671019632005,0.00326712392712147,17169434.729418036,-39759.05138402466,False
administration_cost_pep,9300.0,56144.671019632005,0.00326712392712147,17184738.70965121,-39809.05138402466,False
administration_cost_pep,9350.0,56194.671019632005,0.00326712392712147,17200042.689884383,-39859.05138402466,False
administration_cost_pep,9400.0,56244.671019632005,0.00326712392712147,17215346.67011756,-39909.05138402466,False
administration_cost_pep,9450.0,56294.671019632005,0.00326712392712147,17230650.650350735,-39959.05138402466,False
administration_cost_pep,9500.0,56344.671019632005,0.00326712392712147,17245954.63058391,-40009.05138402466,False
administration_cost_pep,9550.0,56394.671019632005,0.00326712392712147,17261258.610817086,-40059.05138402466,False
administration_cost_pep,9600.0,56444.671019632005,0.00326712392712147,17276562.59105026,-40109.05138402466,False
administration_cost_pep,9650.0,56494.671019632005,0.00326712392712147,17291866.571283434,-40159.05138402466,False
administration_cost_pep,9700.0,56544.671019632005,0.00326712392712147,17307170.55151661,-40209.05138402466,False
administration_cost_pep,9750.0,56594.671019632005,0.00326712392712147,17322474.531749785,-40259.05138402466,False
administration_cost_pep,9800.0,56644.671019632005,0.00326712392712147,17337778.51198296,-40309.05138402466,False
administration_cost_pep,9850.0,56694.671019632005,0.00326712392712147,17353082.492216136,-40359.05138402466,False
administration_cost_pep,9900.0,56744.671019632005,0.00326712392712147,17368386.47244931,-40409.05138402466,False
administration_cost_pep,9950.0,56794.671019632005,0.00326712392712147,17383690.452682484,-40459.05138402466,False
administration_cost_pep,10000.0,56844.671019632005,0.00326712392712147,17398994.432915658,-40509.05138402466,False
administration_cost_pep,10050.0,56894.671019632005,0.00326712392712147,17414298.413148835,-40559.05138402466,False
administration_cost_pep,10100.0,56944.671019632005,0.00326712392712147,17429602.39338201,-40609.05138402466,False
administration_cost_pep,10150.0,56994.671019632005,0.00326712392712147,17444906.373615183,-40659.05138402466,False
administration_cost_pep,10200.0,57044.671019632005,0.00326712392712147,17460210.35384836,-40709.05138402466,False
administration_cost_pep,10250.0,57094.671019632005,0.00326712392712147,17475514.334081534,-40759.05138402466,False
administration_cost_pep,10300.0,57144.671019632005,0.00326712392712147,17490818.314314708,-40809.05138402466,False
administration_cost_pep,10350.0,57194.671019632005,0.00326712392712147,17506122.294547886,-40859.05138402466,False
administration_cost_pep,10400.0,57244.671019632005,0.00326712392712147,17521426.27478106,-40909.05138402466,False
administration_cost_pep,10450.0,57294.671019632005,0.00326712392712147,17536730.255014233,-40959.05138402466,False
administration_cost_pep,10500.0,57344.671019632005,0.00326712392712147,17552034.23524741,-41009.05138402466,False
administration_cost_pep,10550.0,57394.671019632005,0.00326712392712147,17567338.215480585,-41059.05138402466,False
administration_cost_pep,10600.0,57444.671019632005,0.00326712392712147,17582642.19571376,-41109.05138402466,False
administration_cost_pep,10650.0,57494.671019632005,0.00326712392712147,17597946.175946936,-41159.05138402466,False
administration_cost_pep,10700.0,57544.671019632005,0.00326712392712147,17613250.15618011,-41209.05138402466,False
administration_cost_pep,10750.0,57594.671019632005,0.00326712392712147,17628554.136413284,-41259.05138402466,False
administration_cost_pep,10800.0,57644.671019632005,0.00326712392712147,17643858.116646457,-41309.05138402466,False
administration_cost_pep,10850.0,57694.671019632005,0.00326712392712147,17659162.096879635,-41359.05138402466,False
administration_cost_pep,10900.0,57744.671019632005,0.00326712392712147,17674466.07711281,-41409.05138402466,False
administration_cost_pep,10950.0,57794.671019632005,0.00326712392712147,17689770.057345983,-41459.05138402466,False
administration_cost_pep,11000.0,57844.671019632005,0.00326712392712147,17705074.03757916,-41509.05138402466,False
administration_cost_pep,11050.0,57894.671019632005,0.00326712392712147,17720378.017812334,-41559.05138402466,False
administration_cost_pep,11100.0,57944.671019632005,0.00326712392712147,17735681.998045508,-41609.05138402466,False
administration_cost_pep,11150.0,57994.671019632005,0.00326712392712147,17750985.978278685,-41659.05138402466,False
administration_cost_pep,11200.0,58044.671019632005,0.00326712392712147,17766289.95851186,-41709.05138402466,False
administration_cost_pep,11250.0,58094.671019632005,0.00326712392712147,17781593.938745033,-41759.05138402466,False
administration_cost_pep,11300.0,58144.671019632005,0.00326712392712147,17796897.91897821,-41809.05138402466,False
administration_cost_pep,11350.0,58194.671019632005,0.00326712392712147,17812201.899211384,-41859.05138402466,False
administration_cost_pep,11400.0,58244.671019632005,0.00326712392712147,17827505.87944456,-41909.05138402466,False
administration_cost_pep,11450.0,58294.671019632005,0.00326712392712147,17842809.859677736,-41959.05138402466,False
administration_cost_pep,11500.0,58344.671019632005,0.00326712392712147,17858113.83991091,-42009.05138402466,False
administration_cost_pep,11550.0,58394.671019632005,0.00326712392712147,17873417.820144083,-42059.05138402466,False
administration_cost_pep,11600.0,58444.671019632005,0.00326712392712147,17888721.800377257,-42109.05138402466,False
administration_cost_pep,11650.0,58494.671019632005,0.00326712392712147,17904025.780610435,-42159.05138402466,False
administration_cost_pep,11700.0,58544.671019632005,0.00326712392712147,17919329.76084361,-42209.05138402466,False
administration_cost_pep,11750.0,58594.671019632005,0.00326712392712147,17934633.741076782,-42259.05138402466,False
administration_cost_pep,11800.0,58644.671019632005,0.00326712392712147,17949937.72130996,-42309.05138402466,False
administration_cost_pep,11850.0,58694.671019632005,0.00326712392712147,17965241.701543134,-42359.05138402466,False
administration_cost_pep,11900.0,58744.671019632005,0.00326712392712147,17980545.681776308,-42409.05138402466,False
administration_cost_pep,11950.0,58794.671019632005,0.00326712392712147,17995849.662009485,-42459.05138402466,False
administration_cost_pep,12000.0,58844.671019632005,0.00326712392712147,18011153.64224266,-42509.05138402466,False
administration_cost_pep,12050.0,58894.671019632005,0.00326712392712147,18026457.622475833,-42559.05138402466,False
administration_cost_pep,12100.0,58944.671019632005,0.00326712392712147,18041761.60270901,-42609.05138402466,False
administration_cost_pep,12150.0,58994.671019632005,0.00326712392712147,18057065.582942184,-42659.05138402466,False
administration_cost_pep,12200.0,59044.671019632005,0.00326712392712147,18072369.563175358,-42709.05138402466,False
administration_cost_pep,12250.0,59094.671019632005,0.00326712392712147,18087673.543408535,-42759.05138402466,False
administration_cost_pep,12300.0,59144.671019632005,0.00326712392712147,18102977.52364171,-42809.05138402466,False
administration_cost_pep,12350.0,59194.671019632005,0.00326712392712147,18118281.503874883,-42859.05138402466,False
administration_cost_pep,12400.0,59244.671019632005,0.00326712392712147,18133585.484108057,-42909.05138402466,False
administration_cost_pep,12450.0,59294.671019632005,0.00326712392712147,18148889.464341234,-42959.05138402466,False
administration_cost_pep,12500.0,59344.671019632005,0.00326712392712147,18164193.44457441,-43009.05138402466,False
administration_cost_pep,12550.0,59394.671019632005,0.00326712392712147,18179497.424807582,-43059.05138402466,False
administration_cost_pep,12600.0,59444.671019632005,0.00326712392712147,18194801.40504076,-43109.05138402466,False
administration_cost_pep,12650.0,59494.671019632005,0.00326712392712147,18210105.385273933,-43159.05138402466,False
administration_cost_pep,12700.0,59544.671019632005,0.00326712392712147,18225409.365507107,-43209.05138402466,False
administration_cost_pep,12750.0,59594.671019632005,0.00326712392712147,18240713.345740285,-43259.05138402466,False
administration_cost_pep,12800.0,59644.671019632005,0.00326712392712147,18256017.32597346,-43309.05138402466,False
administration_cost_pep,12850.0,59694.671019632005,0.00326712392712147,18271321.306206632,-43359.05138402466,False
administration_cost_pep,12900.0,59744.671019632005,0.00326712392712147,18286625.28643981,-43409.05138402466,False
administration_cost_pep,12950.0,59794.671019632005,0.00326712392712147,18301929.266672984,-43459.05138402466,False
administration_cost_pep,13000.0,59844.671019632005,0.00326712392712147,18317233.246906158,-43509.05138402466,False
administration_cost_pep,13050.0,59894.671019632005,0.00326712392712147,18332537.227139335,-43559.05138402466,False
administration_cost_pep,13100.0,59944.671019632005,0.00326712392712147,18347841.20737251,-43609.05138402466,False
administration_cost_pep,13150.0,59994.671019632005,0.00326712392712147,18363145.187605683,-43659.05138402466,False
administration_cost_pep,13200.0,60044.671019632005,0.00326712392712147,18378449.167838857,-43709.05138402466,False
administration_cost_pep,13250.0,60094.671019632005,0.00326712392712147,18393753.148072034,-43759.05138402466,False
administration_cost_pep,13300.0,60144.671019632005,0.00326712392712147,18409057.128305208,-43809.05138402466,False
administration_cost_pep,13350.0,60194.671019632005,0.00326712392712147,18424361.10853838,-43859.05138402466,False
administration_cost_pep,13400.0,60244.671019632005,0.00326712392712147,18439665.08877156,-43909.05138402466,False
administration_cost_pep,13450.0,60294.671019632005,0.00326712392712147,18454969.069004733,-43959.05138402466,False
administration_cost_pep,13500.0,60344.671019632005,0.00326712392712147,18470273.049237907,-44009.05138402466,False
administration_cost_pep,13550.0,60394.671019632005,0.00326712392712147,18485577.029471084,-44059.05138402466,False
administration_cost_pep,13600.0,60444.671019632005,0.00326712392712147,18500881.00970426,-44109.05138402466,False
administration_cost_pep,13650.0,60494.671019632005,0.00326712392712147,18516184.989937432,-44159.05138402466,False
administration_cost_pep,13700.0,60544.671019632005,0.00326712392712147,18531488.97017061,-44209.05138402466,False
administration_cost_pep,13750.0,60594.671019632005,0.00326712392712147,18546792.950403783,-44259.05138402466,False
administration_cost_pep,13800.0,60644.671019632005,0.00326712392712147,18562096.930636957,-44309.05138402466,False
administration_cost_pep,13850.0,60694.671019632005,0.00326712392712147,18577400.910870135,-44359.05138402466,False
administration_cost_pep,13900.0,60744.671019632005,0.00326712392712147,18592704.89110331,-44409.05138402466,False
administration_cost_pep,13950.0,60794.671019632005,0.00326712392712147,18608008.871336482,-44459.05138402466,False
administration_cost_pep,14000.0,60844.671019632005,0.00326712392712147,18623312.851569656,-44509.05138402466,False
administration_cost_pep,14050.0,60894.671019632005,0.00326712392712147,18638616.831802834,-44559.05138402466,False
administration_cost_pep,14100.0,60944.671019632005,0.00326712392712147,18653920.812036008,-44609.05138402466,False
administration_cost_pep,14150.0,60994.671019632005,0.00326712392712147,18669224.79226918,-44659.05138402466,False
administration_cost_pep,14200.0,61044.671019632005,0.00326712392712147,18684528.77250236,-44709.05138402466,False
administration_cost_pep,14250.0,61094.671019632005,0.00326712392712147,18699832.752735533,-44759.05138402466,False
administration_cost_pep,14300.0,61144.671019632005,0.00326712392712147,18715136.732968707,-44809.05138402466,False
administration_cost_pep,14350.0,61194.671019632005,0.00326712392712147,18730440.713201884,-44859.05138402466,False
administration_cost_pep,14400.0,61244.671019632005,0.00326712392712147,18745744.693435058,-44909.05138402466,False
administration_cost_pep,14450.0,61294.671019632005,0.00326712392712147,18761048.67366823,-44959.05138402466,False
administration_cost_pep,14500.0,61344.671019632005,0.00326712392712147,18776352.65390141,-45009.05138402466,False
administration_cost_pep,14550.0,61394.671019632005,0.00326712392712147,18791656.634134583,-45059.05138402466,False
administration_cost_pep,14600.0,61444.671019632005,0.00326712392712147,18806960.614367757,-45109.05138402466,False
administration_cost_pep,14650.0,61494.671019632005,0.00326712392712147,18822264.594600935,-45159.05138402466,False
administration_cost_pep,14700.0,61544.671019632005,0.00326712392712147,18837568.57483411,-45209.05138402466,False
administration_cost_pep,14750.0,61594.671019632005,0.00326712392712147,18852872.555067282,-45259.05138402466,False
administration_cost_pep,14800.0,61644.671019632005,0.00326712392712147,18868176.535300456,-45309.05138402466,False
administration_cost_pep,14850.0,61694.671019632005,0.00326712392712147,18883480.515533634,-45359.05138402466,False
administration_cost_pep,14900.0,61744.671019632005,0.00326712392712147,18898784.495766807,-45409.05138402466,False
administration_cost_pep,14950.0,61794.671019632005,0.00326712392712147,18914088.47599998,-45459.05138402466,False
administration_cost_pep,15000.0,61844.671019632005,0.00326712392712147,18929392.45623316,-45509.05138402466,False
