parameter_id,category,label_ja,label_en,base_value,lower_value,upper_value,unit,distribution,distribution_parameter,include_in_psa,include_in_dsa,source_id,source_type,evidence_grade,price_year,notes
discount_rate_cost,analysis,費用の年割引率,Annual discount rate for costs,0.02,0.0,0.04,proportion/year,pert,,no,yes,E03,guideline,A,,C2H 2026 base case 2%; deterministic range 0% to 4%. Methodological discount rates are varied in DSA but fixed in PSA.
discount_rate_qaly,analysis,QALYの年割引率,Annual discount rate for QALYs,0.02,0.0,0.04,proportion/year,pert,,no,yes,E03,guideline,A,,C2H 2026 base case 2%; deterministic range 0% to 4%. Methodological discount rates are varied in DSA but fixed in PSA.
wtp_per_qaly,analysis,支払意思額,Willingness-to-pay per QALY,5000000.0,5000000.0,5000000.0,JPY/QALY,fixed,,no,no,E03,decision_reference,B,2026.0,Reference threshold used for NMB and CEAC; not a universal reimbursement rule.
pcc_horizon_months,analysis,PCCモジュールの計算期間,PCC module horizon,120.0,60.0,600.0,months,fixed,,no,no,A01,structural_assumption,D,,Ten years is long enough for the 12-month base mean duration; extended scenarios are supported. Legacy incidence-duration model only in v0.2.0.
drug_cost_pep,intervention_cost,エンシトレルビル薬剤費,Ensitrelvir acquisition cost per PEP course,49630.0,0.0,49630.0,JPY/course,fixed,,no,yes,E02,official_price,A,2026.0,"JPY 7,090/tablet multiplied by 7 tablets: 3 tablets day 1 and 1 tablet on days 2 to 5."
administration_cost_pep,intervention_cost,経口抗ウイルス薬の投薬関連費用,Oral antiviral administration cost,8100.0,4530.0,10000.0,JPY/course,pert,,yes,yes,E20,official_fee_schedule_microcost,A,2026.0,"FY2026 fee-schedule microcost for a trial-concordant face-to-face consultation, baseline antigen test, prescription, and representative pharmacy pathway. No-test and telemedicine scenarios are supplied because testing is not stated as mandatory in the Japanese label."
additional_pep_access_cost,intervention_cost,PEP導入に伴う追加アクセス費用,Additional PEP access and dispensing cost,0.0,0.0,10000.0,JPY/course,fixed,,no,yes,A02,structural_assumption,D,2026.0,"Reserved for implementation costs not captured by the itemized 2026 fee-schedule microcost, such as urgent delivery or local coordination."
p_hospital_given_symptomatic,acute_clinical,症候性COVID-19後の入院確率,Hospitalization probability conditional on symptomatic COVID-19,0.00785,0.00494,0.01298,proportion,pert,,yes,yes,E17,japanese_claims_observational,B,,Untreated high-risk Japanese outpatients had 0.785% 28-day all-cause hospitalization. The model separately applies hospitalization_attribution_fraction to acknowledge that not every admission is necessarily causally attributable to COVID-19.
hospitalization_attribution_fraction,acute_clinical,全原因入院のCOVID-19帰属割合,Fraction of observed all-cause hospitalizations attributable to COVID-19,1.0,0.0,1.0,proportion,fixed,,no,yes,A11,structural_assumption,D,,Base case links all 28-day all-cause admissions to symptomatic COVID-19; 50% and 0% structural scenarios quantify the potential optimism from this linkage. Fixed in PSA because no defensible empirical distribution was identified.
p_death_given_hospital,acute_clinical,COVID-19入院後死亡確率,In-hospital mortality conditional on COVID-19 hospitalization,0.12,0.06,0.2,proportion,pert,,yes,yes,E12,japanese_hospital_cohort,B,,12% in-hospital mortality in a Japanese claims-based inpatient cohort through January 2024. Applied only to hospitalization attributed to symptomatic COVID-19.
p_death_outpatient,acute_clinical,非入院症例の死亡確率,Mortality probability among nonhospitalized symptomatic cases,0.0,0.0,0.0,proportion,fixed,,no,no,A10,structural_assumption,C,,Publication base case permits acute COVID-19 death only after hospitalization. Legacy scenarios may override this value.
p_icu_given_hospital,acute_clinical,入院後のICU入室確率,ICU admission probability conditional on hospitalization,0.107,0.05,0.2,proportion,pert,,no,no,E04,japanese_external_model,C,,External Japanese COVID-19 model input. Legacy incidence-duration model only in v0.2.0.
p_mv_given_icu,acute_clinical,ICU入室後の人工呼吸器使用確率,Mechanical ventilation probability conditional on ICU admission,0.6454,0.4,0.8,proportion,pert,,no,no,E04,japanese_external_model,C,,External Japanese COVID-19 model input. Legacy incidence-duration model only in v0.2.0.
p_death_ward,acute_clinical,一般病棟入院中死亡確率,Inpatient mortality in general ward,0.0319,0.01,0.08,proportion,pert,,no,no,E04,japanese_external_model,C,,External Japanese COVID-19 model input. Legacy incidence-duration model only in v0.2.0.
p_death_icu_no_mv,acute_clinical,ICU非人工呼吸器症例の死亡確率,Mortality in ICU without mechanical ventilation,0.118,0.05,0.25,proportion,pert,,no,no,E04,japanese_external_model,C,,External Japanese COVID-19 model input. Legacy incidence-duration model only in v0.2.0.
p_death_icu_mv,acute_clinical,ICU人工呼吸器症例の死亡確率,Mortality in ICU with mechanical ventilation,0.118,0.05,0.3,proportion,pert,,no,no,E04,japanese_external_model,C,,External Japanese model used the same mortality for ICU with and without ventilation. The upper range is widened. Legacy incidence-duration model only in v0.2.0.
symptom_duration_outpatient_days,acute_clinical,外来症例の症状持続日数,Duration of acute symptoms in nonhospitalized cases,7.0,4.0,14.0,days,lognormal_cv,0.3,yes,yes,E04,japanese_external_model,C,,Seven days in the Japanese CEA; wider bounds used for uncertainty.
disutility_outpatient,utility,外来COVID-19のutility減少,Utility decrement for nonhospitalized symptomatic COVID-19,0.258,0.181,0.335,utility decrement,pert,,yes,yes,E14,japanese_controlled_eq5d,B,,Attributable acute EQ-5D-5L decrement in the Japanese Omicron controlled cohort: 0.873 minus 0.615 = 0.258. Bounds use the conservative cross-limit envelope 0.826-0.645 to 0.921-0.586.
disutility_hospital,utility,COVID-19入院中utility減少,Utility decrement during COVID-19 hospitalization,0.284,0.056,0.5,utility decrement,pert,,yes,yes,E07,japanese_eq5d_proxy,C,,Proxy based on the difference between Japanese population baseline and oxygen-requiring COVID-19 utility; broad range reflects uncertain mapping to all admissions.
disutility_ward,utility,一般病棟COVID-19のutility減少,Utility decrement for general ward COVID-19,0.056,0.02,0.15,utility decrement,pert,,no,no,E07,japanese_eq5d,B,,Same decrement as non-oxygen COVID-19 in the Japanese source model. Legacy incidence-duration model only in v0.2.0.
disutility_icu,utility,ICU COVID-19のutility減少,Utility decrement for ICU COVID-19,0.284,0.15,0.5,utility decrement,pert,,no,no,E07,japanese_eq5d,B,,Difference between Japanese baseline utility 0.877 and oxygen-requiring COVID-19 utility 0.593. Legacy incidence-duration model only in v0.2.0.
remaining_qaly_if_acute_death,utility,急性期死亡1件あたりの割引済み残存QALY,Discounted remaining QALYs lost per acute COVID-19 death,6.469490346669375,5.320961240249973,9.778527068286104,QALY/death,pert,,yes,yes,E19,derived_life_table_calibration,B,,"Age-sex weighted 2025 Japanese life-table integration at 2% discount. Base proxy age 82, 54% male; deterministic bounds use ages 85 and 75 with the same sex weights."
cost_outpatient,healthcare_cost,症候性外来COVID-19費用,Outpatient COVID-19 treatment cost,26927.0,21542.0,32312.0,JPY/case,gamma_cv,0.2,yes,yes,E04,japanese_ehr_cost,B,2023.0,Japanese EHR and claims based model input; update to current fee schedule if material.
cost_hospitalization,acute_cost,COVID-19入院1件当たり費用,Direct medical cost per COVID-19 hospitalization,1304431.0,798810.0,6210607.0,JPY/admission,pert,,yes,yes,E08,japanese_hospital_cost_study,B,2021.0,"Median all-case cost. Bounds are the reported mild and severe medians and therefore represent case-mix scenarios, not a confidence interval."
los_hospital_days,acute_clinical,COVID-19入院日数,Length of stay for COVID-19 hospitalization,21.0,10.0,31.0,days,pert,,yes,yes,E12,japanese_hospital_cohort,B,,Median 21 days in the contemporary cohort. Lower bound is the median in an independent 2021 cost cohort; upper bound is a prespecified structural range.
acute_cost_price_adjustment_factor,costing,急性期費用の価格・診療差調整係数,Acute cost price and practice adjustment factor,1.0,0.8,1.2,multiplier,pert,,yes,yes,A08,structural_costing_assumption,D,2026.0,No general inflation scalar is imposed on bundled payer costs. A 0.8 to 1.2 multiplier captures price-year and practice-pattern uncertainty.
cost_ward_per_day,healthcare_cost,一般病棟1日費用,General ward cost per day,71515.0,57212.0,85818.0,JPY/day,gamma_cv,0.2,no,no,E04,japanese_ehr_cost,B,2023.0,Japanese EHR and claims based model input. Legacy incidence-duration model only in v0.2.0.
cost_icu_no_mv_per_day,healthcare_cost,ICU非人工呼吸器1日費用,ICU without mechanical ventilation cost per day,193598.0,154878.0,232318.0,JPY/day,gamma_cv,0.2,no,no,E04,japanese_ehr_cost,B,2023.0,Japanese EHR and claims based model input. Legacy incidence-duration model only in v0.2.0.
cost_icu_mv_per_day,healthcare_cost,ICU人工呼吸器1日費用,ICU with mechanical ventilation cost per day,324254.0,259403.0,389105.0,JPY/day,gamma_cv,0.2,no,no,E04,japanese_ehr_cost,B,2023.0,Japanese EHR and claims based model input. Legacy incidence-duration model only in v0.2.0.
los_ward_days,healthcare_cost,一般病棟在院日数,Length of stay in general ward,8.76,7.0,10.5,days,lognormal_cv,0.2,no,no,E04,japanese_ehr_cost,B,,Japanese EHR and claims based model input. Legacy incidence-duration model only in v0.2.0.
los_icu_no_mv_days,healthcare_cost,ICU非人工呼吸器在院日数,Length of stay in ICU without mechanical ventilation,10.9,8.0,14.0,days,lognormal_cv,0.25,no,no,E04,japanese_ehr_cost,B,,Japanese EHR and claims based model input. Legacy incidence-duration model only in v0.2.0.
los_icu_mv_days,healthcare_cost,ICU人工呼吸器在院日数,Length of stay in ICU with mechanical ventilation,9.78,7.0,14.0,days,lognormal_cv,0.3,no,no,E04,japanese_ehr_cost,B,,Japanese EHR and claims based model input. Legacy incidence-duration model only in v0.2.0.
postacute_qaly_loss_per_surviving_symptomatic_case,postacute_utility,生存した症候性COVID-19 1例当たり感染後1年QALY損失,One-year post-acute QALY loss per surviving symptomatic COVID-19 case,0.03225,0.0106666666666667,0.052,QALY/case,pert,,yes,yes,E14,japanese_retrospective_recall_test_negative_eq5d,B,,"Area between retrospectively recalled COVID-19 and symptomatic test-negative EQ-5D-5L profiles from months 1 to 12. The source was a single-clinic online recall survey with 77 controls, a 28.3% response rate, and no pre-test baseline utility. Conservative scenarios exclude the 6-to-12-month interval, halve the integrated loss, or remove post-acute loss entirely."
postacute_cost_per_surviving_symptomatic_case,postacute_cost,生存した症候性COVID-19 1例当たり感染後直接医療費,Post-acute direct medical cost per surviving symptomatic COVID-19 case,0.0,0.0,200000.0,JPY/case,fixed,,no,yes,A07,conservative_evidence_gap_assumption,D,2026.0,"No sufficiently transportable Japanese matched incremental direct-cost estimate was identified. Base is zero; JPY 50,000, 100,000, and 200,000 scenarios are reported."
p_pcc_outpatient,pcc,症候性非入院感染後のPCC発生確率,PCC probability after nonhospitalized symptomatic COVID-19,0.063,0.02,0.118,proportion,pert,,no,no,E05,japanese_population_study,B,,Base case uses the excess prevalence attributable to infection: 11.8% in cases minus 5.5% persistent symptoms in controls. Scenario uses gross 11.8%. Legacy incidence-duration model only in v0.2.0.
pcc_hospital_multiplier,pcc,入院症例におけるPCCリスク倍率,PCC risk multiplier after hospitalization,2.0,1.0,5.0,risk multiplier,pert,,no,no,A04,structural_assumption,D,,Japanese severity-specific PCC incidence is not established for the modeled setting. The probability is capped at 1. Legacy incidence-duration model only in v0.2.0.
p_pcc_asymptomatic,pcc,無症候感染後のPCC発生確率,PCC probability after asymptomatic infection,0.0,0.0,0.03,proportion,fixed,,no,no,A05,structural_assumption,D,,Excluded in the base case. Used only in the any-infection PCC scenario. Legacy incidence-duration model only in v0.2.0.
pcc_mean_duration_months,pcc,PCC平均持続期間,Mean duration of PCC,12.0,6.0,60.0,months,lognormal_cv,0.75,no,no,A06,structural_assumption,D,,One-year base case is aligned with a prior Japanese COVID-19 CEA; five-year scenario is provided. Legacy incidence-duration model only in v0.2.0.
disutility_pcc,pcc,PCCのutility減少,Utility decrement for PCC,0.027,0.01,0.1,utility decrement,pert,,no,no,E06,japanese_eq5d,B,,Difference between 0.877 baseline and 0.850 among Japanese patients with persistent symptoms in the source model. Legacy incidence-duration model only in v0.2.0.
cost_pcc_annual,pcc,PCC年間直接医療費,Annual direct medical cost of PCC,0.0,0.0,200000.0,JPY/person-year,fixed,,no,no,A07,evidence_gap_assumption,D,2026.0,"No robust Japanese estimate was identified for the model target. The payer base case is conservative at zero; JPY 50,000 and threshold scenarios are provided. Legacy incidence-duration model only in v0.2.0."
incremental_ae_cost_pep,safety,PEPによる増分有害事象費用,Incremental adverse-event cost attributable to PEP,0.0,0.0,5000.0,JPY/course,fixed,,no,yes,E01,trial_and_assumption,C,2026.0,Adverse-event rates were similar between arms; base incremental cost is zero.
incremental_ae_qaly_loss_pep,safety,PEPによる増分有害事象QALY損失,Incremental adverse-event QALY loss attributable to PEP,0.0,0.0,0.0005,QALY/course,fixed,,no,yes,E01,trial_and_assumption,C,,Adverse-event rates were similar between arms; base incremental QALY loss is zero.
secondary_symptomatic_case_multiplier,transmission,直接予防した症候性症例1例当たりの追加下流症候性症例,Additional downstream symptomatic cases per direct symptomatic case,0.0,0.0,0.5,cases/case,fixed,,no,no,A12,illustrative_bounding_assumption,D,,Base case is zero. Exploratory generation-1 bounding scenarios use 0.2 and 0.5 additional symptomatic cases per direct symptomatic case. These are not fitted transmission estimates and do not constitute a dynamic transmission model.
